ETF,DEA_Score,In_Risk,In_Cost,Out_Return,Out_Liquidity,Out_Diversity
VTV,1.0,0.2099139611874964,0.1,0.477911224695155,0.782169918004318,0.9319872533004848
VO,1.0,0.3255783696976651,0.1,0.4211543021461708,0.6381462500157576,0.9986744503655304
SCHF,1.0,0.2414597405964205,0.1,0.6296481446123836,0.9318120182646006,0.8222437940176205
SCHX,1.0,0.3216109180499056,0.1,0.4628843846594457,0.9614067785753148,0.7033901936105831
VYM,1.0,0.2087560644536781,0.1125,0.5096197177829267,0.6939091166476957,0.9637883940765338
USMV,1.0,0.1,0.25,0.3732681178304014,0.6219104005652492,0.804288621696168
SCHD,0.9547,0.2630670731663038,0.1375,0.5564699386439751,1.0,0.8415968186808774
VOO,0.9513,0.3120243565742635,0.1,0.4639080988404795,0.907349773799826,0.6981482473288168
IVV,0.9423,0.3145170730573779,0.1,0.4681267254769412,0.9002939775348004,0.6847963473743406
IUSV,0.9329,0.2727400810191405,0.1125,0.4492817694169371,0.5027464429930467,0.9978550196824038
SPYV,0.9312,0.264069546149031,0.1125,0.4505599317807696,0.6770741103216217,0.9913357255710576
DGRO,0.911,0.1942710201716383,0.1625,0.480218035781554,0.6435360542691939,0.8552138285622474
VB,0.8918,0.5065366432427407,0.1,0.4174337158839344,0.6465679272991669,0.849839327317034
VTI,0.873,0.333016543314051,0.1,0.4579034003828947,0.8226085601208988,0.6809643038856011
VIG,0.8533,0.206842044446155,0.1125,0.4324033152378643,0.6797679455747687,0.7539418364887663
FNDF,0.8482,0.2391354372869589,0.375,0.6551768500983038,0.5341456379852592,1.0
SCHG,0.8358,0.4711234062314372,0.1125,0.453615690164975,0.9007561384275228,0.3806188576172241
JEPI,0.8342,0.1855538922155688,0.5,0.5777657944031334,0.7801929330328587,0.9715006828589028
ITOT,0.8339,0.3330905040513201,0.1,0.4544510790197485,0.7445629130706064,0.7095359237340333
XLF,0.8268,0.2849463394336721,0.1625,0.4768480341818595,0.950819183136528,0.1035669335618456
VOE,0.8207,0.3064382240854212,0.125,0.4671799901438176,0.4402410178471401,0.9769715877138956
SCHB,0.8162,0.3275728451537381,0.1,0.4596924329289374,0.764853494859584,0.6539230913424203
IJH,0.8158,0.4670249983298017,0.125,0.4040213997842993,0.9607200631184633,0.79638352569424
VV,0.7999,0.3238342742117027,0.1,0.4610923913884833,0.5369551773339996,0.6937739335350669
XLV,0.797,0.2771673092088924,0.1625,0.3204048968713071,0.8955081081134678,0.1
SPY,0.7756,0.3198058512492357,0.18125,0.458539027385738,1.0,0.6832659400690894
VBR,0.7582,0.4778374263478863,0.125,0.4679384001506809,0.5118027891900349,0.8883525694239885
SCHA,0.7536,0.5646487055600174,0.1125,0.412180519075067,0.6151988114087981,0.8000589133170877
VUG,0.7315,0.4631540142489699,0.1,0.451958322797711,0.6831956683458087,0.3175106445652465
IJR,0.7315,0.5847508445393956,0.1375,0.3830727615887547,0.8553353154069014,0.8870631711431862
VT,0.7238,0.2645778083658053,0.1375,0.4997311868185173,0.7501603717979246,0.726912674396808
IWD,0.7227,0.240957469308291,0.2875,0.444414685969647,0.7685127417389686,1.0
RSP,0.7219,0.2901156394463074,0.3125,0.4137575404954925,0.965268721311748,0.9881062046434406
VXF,0.7141,0.5491606845126145,0.125,0.4354260992739451,0.4783623968980005,0.8410183970221996
SPYG,0.6842,0.4411178673455901,0.1125,0.4789185678089862,0.7182709304368811,0.4076359692579601
DIA,0.6823,0.2460373547109032,0.2625,0.420005831144504,0.7717581456174736,0.570341161663498
IVE,0.6761,0.2657471831742772,0.2875,0.4327894285994416,0.590409187590246,1.0
CGDV,0.6708,0.2156020483892753,0.4750000000000001,0.5166702487782979,0.6680542699776333,0.7200318667487883
IUSG,0.651,0.4378500472375646,0.1125,0.461165828977176,0.4945894309944127,0.3378638566799668
XLI,0.6504,0.338339810192857,0.1625,0.4920138541285019,0.8656662058219589,0.1241009024449026
XLK,0.6405,0.5815025630282002,0.1625,0.485686610814967,1.0,0.1
XLU,0.6335,0.3476160279489529,0.1625,0.5032555524880409,0.8631630401699709,0.1
FNDX,0.6333,0.251365604953082,0.375,0.4755728325429467,0.6439951060708256,1.0
XLC,0.6175,0.3372433885563823,0.1625,0.5506352206288347,0.745998012465025,0.1
DVY,0.6008,0.2773167420313387,0.5375,0.5714148652902413,0.4686826971439738,0.7370350534236672
XLE,0.5934,0.4837584245164776,0.1625,0.4746320186596624,0.918471019692705,0.1
VBK,0.5899,0.5717500528290981,0.125,0.3422548726178743,0.4251317649700727,0.7095359237340333
JEPQ,0.5835,0.3674268035599913,0.5,0.6685729692910257,0.7505723149953534,0.3842219425327371
MGK,0.5819,0.4810472978370206,0.125,0.4579541390805369,0.4831145546884776,0.2918793348150925
VNQ,0.5797,0.3594944191776524,0.225,0.5672465709774134,0.7479629969709923,0.1
SDY,0.5735,0.2101968147140112,0.5,0.4420729267185105,0.4332199868242742,0.9076091904774656
ACWI,0.5487,0.2627187687443449,0.4625,0.4805508560945781,0.6966009564628011,0.6945572128645263
QQQ,0.5253,0.4655527820783367,0.2875,0.4717575030832822,1.0,0.3074244168920548
DFUS,0.525,0.3306247739786011,0.175,0.4440901672970839,0.4368650736531338,0.7128618482714297
VONG,0.5197,0.4656662148659266,0.1375,0.4499197766104022,0.6091257802020137,0.340912620839247
XLY,0.519,0.5430923231151086,0.1625,0.3906894296315026,0.8107794152746222,0.1019521730980371
DYNF,0.5137,0.3300195948752507,0.3875,0.5115309527986913,0.6258142409431782,0.4458117987306859
IWR,0.5127,0.3788599190171681,0.2875,0.4096370241553871,0.6719359447892894,0.9715006828589028
IWB,0.5101,0.3219342511920132,0.25,0.4493354688394991,0.6027212829634561,0.7352515866427444
QUAL,0.5027,0.3011109814085145,0.25,0.4256998276458173,0.6543903297312583,0.6602977800390971
VOOG,0.4912,0.4410504013196019,0.15,0.4639716673461069,0.422458557794972,0.3978871542189969
DFAC,0.4899,0.3440573482552237,0.275,0.4277482429161915,0.6802569860607619,0.8451034999866107
OEF,0.4757,0.3488753756130717,0.3125,0.4758928230479857,0.4346326027619158,0.4545001740620732
VGT,0.4373,0.6091493099176375,0.175,0.4818422546404042,0.6222405038751921,0.1
IWM,0.4349,0.578136764005339,0.3,0.3951792818919741,1.0,0.8323782234957021
IVW,0.4189,0.439676109519985,0.2875,0.452977102437212,0.7607576504246502,0.3896687464852851
QQQM,0.4185,0.4625278396638689,0.25,0.4763592823564017,0.7746309143235579,0.3138714082960662
MTUM,0.4061,0.4405336837239903,0.25,0.4813688869738424,0.4948123927010425,0.5356238116916157
IWF,0.3746,0.4670539998707412,0.2875,0.4385420590648496,0.7150390877130408,0.3256929009452909
RDVY,0.3502,0.3657861741348736,0.6499999999999999,0.4282591130984018,0.5042599599621882,0.5832230940202984
MDY,0.3476,0.46536785300367,0.35,0.3858697177829266,0.5249985151673815,0.8069638218675522
CGGR,0.2999,0.4627087384774472,0.55,0.4198666770732815,0.5862138214165704,0.688278927777629
IWP,0.2898,0.4998141132844668,0.35,0.3174618782477669,0.4858838305179015,0.7095359237340333
IYW,0.2892,0.5943559370465956,0.5375,0.4936913660359054,0.4891448025236812,0.1430080604129288
AVUV,0.2828,0.6090648242079992,0.375,0.4551173001800947,0.5151788169090583,0.7149586267841364
SMH,0.2343,0.950975754348688,0.5,0.5796590909090908,0.8878718748904395,0.1110743646734327
SOXX,0.2283,0.9961799660441426,0.4875,0.6021590909090909,0.7163008829209494,0.1075917842701443
